month,district,anc_coverage,institutional_delivery,immunization,high_risk_cases
2026-01-01,Ahmedabad,83,89,93,12
2026-01-01,Anand,82,88,91,12
2026-01-01,Bharuch,79,85,90,15
2026-01-01,Bhavnagar,76,82,86,19
2026-01-01,Gandhinagar,85,91,92,7
2026-01-01,Jamnagar,78,82,89,15
2026-01-01,Junagadh,80,86,89,15
2026-01-01,Kheda,78,85,90,16
2026-01-01,Mehsana,82,87,93,11
2026-01-01,Rajkot,77,84,88,18
2026-01-01,Surat,81,88,89,13
2026-01-01,Vadodara,90,91,95,7
2026-02-01,Ahmedabad,82,89,92,10
2026-02-01,Anand,85,86,91,12
2026-02-01,Bharuch,83,85,88,14
2026-02-01,Bhavnagar,75,81,85,16
2026-02-01,Gandhinagar,90,90,93,11
2026-02-01,Jamnagar,79,83,88,16
2026-02-01,Junagadh,81,85,88,14
2026-02-01,Kheda,77,86,89,15
2026-02-01,Mehsana,85,87,92,12
2026-02-01,Rajkot,80,85,90,14
2026-02-01,Surat,81,87,91,13
2026-02-01,Vadodara,89,93,95,8
2026-03-01,Ahmedabad,85,90,93,12
2026-03-01,Anand,85,88,90,12
2026-03-01,Bharuch,83,87,91,14
2026-03-01,Bhavnagar,77,81,87,16
2026-03-01,Gandhinagar,92,90,94,9
2026-03-01,Jamnagar,80,85,89,17
2026-03-01,Junagadh,81,86,90,14
2026-03-01,Kheda,83,83,89,15
2026-03-01,Mehsana,85,88,91,12
2026-03-01,Rajkot,79,84,88,14
2026-03-01,Surat,83,88,91,13
2026-03-01,Vadodara,92,93,96,7
2026-04-01,Ahmedabad,86,92,93,9
2026-04-01,Anand,87,87,92,11
2026-04-01,Bharuch,85,87,91,12
2026-04-01,Bhavnagar,79,81,86,19
2026-04-01,Gandhinagar,91,91,94,9
2026-04-01,Jamnagar,80,83,90,15
2026-04-01,Junagadh,83,86,89,15
2026-04-01,Kheda,80,87,90,15
2026-04-01,Mehsana,85,88,90,11
2026-04-01,Rajkot,82,85,87,14
2026-04-01,Surat,81,87,90,11
2026-04-01,Vadodara,91,93,94,5
2026-05-01,Ahmedabad,87,90,94,10
2026-05-01,Anand,85,88,91,13
2026-05-01,Bharuch,84,87,92,12
2026-05-01,Bhavnagar,80,83,87,16
2026-05-01,Gandhinagar,90,92,95,6
2026-05-01,Jamnagar,82,85,89,15
2026-05-01,Junagadh,81,86,88,11
2026-05-01,Kheda,81,87,91,14
2026-05-01,Mehsana,88,89,92,11
2026-05-01,Rajkot,81,86,91,19
2026-05-01,Surat,83,89,90,13
2026-05-01,Vadodara,91,92,96,6
2026-06-01,Ahmedabad,86,91,94,10
2026-06-01,Anand,86,91,93,11
2026-06-01,Bharuch,85,87,91,14
2026-06-01,Bhavnagar,79,82,87,15
2026-06-01,Gandhinagar,89,92,95,7
2026-06-01,Jamnagar,83,87,89,15
2026-06-01,Junagadh,85,87,89,11
2026-06-01,Kheda,82,87,89,14
2026-06-01,Mehsana,88,89,92,12
2026-06-01,Rajkot,81,84,87,15
2026-06-01,Surat,81,88,91,13
2026-06-01,Vadodara,92,95,96,8
2026-07-01,Ahmedabad,85,91,93,10
2026-07-01,Anand,87,90,93,10
2026-07-01,Bharuch,81,86,90,9
2026-07-01,Bhavnagar,77,82,87,17
2026-07-01,Gandhinagar,89,94,95,8
2026-07-01,Jamnagar,82,85,89,14
2026-07-01,Junagadh,79,86,92,13
2026-07-01,Kheda,82,87,91,12
2026-07-01,Mehsana,84,89,92,11
2026-07-01,Rajkot,79,85,89,15
2026-07-01,Surat,81,87,91,13
2026-07-01,Vadodara,90,93,96,7
2026-08-01,Ahmedabad,69,90,92,13
2026-08-01,Anand,84,89,93,9
2026-08-01,Bharuch,83,88,91,13
2026-08-01,Bhavnagar,79,84,89,15
2026-08-01,Gandhinagar,88,93,95,8
2026-08-01,Jamnagar,81,85,88,11
2026-08-01,Junagadh,82,87,89,12
2026-08-01,Kheda,81,88,90,12
2026-08-01,Mehsana,42,88,91,28
2026-08-01,Rajkot,80,86,90,14
2026-08-01,Surat,83,89,92,12
2026-08-01,Vadodara,91,94,97,6
2026-09-01,Ahmedabad,85,92,94,10
2026-09-01,Anand,85,90,94,11
2026-09-01,Bharuch,85,89,92,14
2026-09-01,Bhavnagar,78,83,90,19
2026-09-01,Gandhinagar,88,95,97,8
2026-09-01,Jamnagar,79,86,89,17
2026-09-01,Junagadh,82,87,91,12
2026-09-01,Kheda,82,88,91,15
2026-09-01,Mehsana,86,92,93,8
2026-09-01,Rajkot,79,86,89,14
2026-09-01,Surat,83,90,91,10
2026-09-01,Vadodara,90,94,96,6
2026-10-01,Ahmedabad,86,93,96,8
2026-10-01,Anand,87,91,91,10
2026-10-01,Bharuch,84,87,91,10
2026-10-01,Bhavnagar,78,83,86,15
2026-10-01,Gandhinagar,88,92,97,7
2026-10-01,Jamnagar,82,85,90,13
2026-10-01,Junagadh,83,87,92,14
2026-10-01,Kheda,83,88,91,16
2026-10-01,Mehsana,84,92,94,9
2026-10-01,Rajkot,82,86,90,12
2026-10-01,Surat,84,89,91,9
2026-10-01,Vadodara,93,93,97,6
2026-11-01,Ahmedabad,86,92,95,10
2026-11-01,Anand,84,90,94,10
2026-11-01,Bharuch,83,88,93,14
2026-11-01,Bhavnagar,80,85,87,15
2026-11-01,Gandhinagar,90,92,97,7
2026-11-01,Jamnagar,81,87,91,13
2026-11-01,Junagadh,82,87,92,11
2026-11-01,Kheda,82,85,92,12
2026-11-01,Mehsana,86,92,92,8
2026-11-01,Rajkot,79,86,90,16
2026-11-01,Surat,82,90,92,11
2026-11-01,Vadodara,91,93,97,5
2026-12-01,Ahmedabad,87,92,93,9
2026-12-01,Anand,85,90,93,8
2026-12-01,Bharuch,84,89,91,12
2026-12-01,Bhavnagar,78,84,87,15
2026-12-01,Gandhinagar,89,93,96,6
2026-12-01,Jamnagar,83,86,90,17
2026-12-01,Junagadh,86,87,93,11
2026-12-01,Kheda,83,89,90,10
2026-12-01,Mehsana,88,90,93,9
2026-12-01,Rajkot,82,88,90,12
2026-12-01,Surat,84,90,93,10
2026-12-01,Vadodara,93,95,99,5
