insight_id,type,indicator,entity,period,metric,change,value,prev_value,change_pct,severity,explanation
INS-0001,trend,anc_coverage,Ahmedabad,2026-08,69.0,-18.823529411764707,69.0,85.0,-18.823529411764707,High,anc_coverage in Ahmedabad decreased by 18.8% in 2026-08 compared with the previous available month. This exceeds the 10.0% configured threshold.
INS-0002,trend,anc_coverage,Ahmedabad,2026-09,85.0,23.18840579710145,85.0,69.0,23.18840579710145,High,anc_coverage in Ahmedabad increased by 23.2% in 2026-09 compared with the previous available month. This exceeds the 10.0% configured threshold.
INS-0003,trend,anc_coverage,Mehsana,2026-08,42.0,-50.0,42.0,84.0,-50.0,High,anc_coverage in Mehsana decreased by 50.0% in 2026-08 compared with the previous available month. This exceeds the 10.0% configured threshold.
INS-0004,trend,anc_coverage,Mehsana,2026-09,86.0,104.76190476190477,86.0,42.0,104.76190476190477,High,anc_coverage in Mehsana increased by 104.8% in 2026-09 compared with the previous available month. This exceeds the 10.0% configured threshold.
INS-0005,trend,high_risk_cases,Ahmedabad,2026-02,10.0,-16.666666666666664,10.0,12.0,-16.666666666666664,High,high_risk_cases in Ahmedabad decreased by 16.7% in 2026-02 compared with the previous available month. This exceeds the 10.0% configured threshold.
INS-0006,trend,high_risk_cases,Ahmedabad,2026-03,12.0,20.0,12.0,10.0,20.0,High,high_risk_cases in Ahmedabad increased by 20.0% in 2026-03 compared with the previous available month. This exceeds the 10.0% configured threshold.
INS-0007,trend,high_risk_cases,Ahmedabad,2026-04,9.0,-25.0,9.0,12.0,-25.0,High,high_risk_cases in Ahmedabad decreased by 25.0% in 2026-04 compared with the previous available month. This exceeds the 10.0% configured threshold.
INS-0008,trend,high_risk_cases,Ahmedabad,2026-05,10.0,11.11111111111111,10.0,9.0,11.11111111111111,Medium,high_risk_cases in Ahmedabad increased by 11.1% in 2026-05 compared with the previous available month. This exceeds the 10.0% configured threshold.
INS-0009,trend,high_risk_cases,Ahmedabad,2026-08,13.0,30.0,13.0,10.0,30.0,High,high_risk_cases in Ahmedabad increased by 30.0% in 2026-08 compared with the previous available month. This exceeds the 10.0% configured threshold.
INS-0010,trend,high_risk_cases,Ahmedabad,2026-09,10.0,-23.076923076923077,10.0,13.0,-23.076923076923077,High,high_risk_cases in Ahmedabad decreased by 23.1% in 2026-09 compared with the previous available month. This exceeds the 10.0% configured threshold.
INS-0011,trend,high_risk_cases,Ahmedabad,2026-10,8.0,-20.0,8.0,10.0,-20.0,High,high_risk_cases in Ahmedabad decreased by 20.0% in 2026-10 compared with the previous available month. This exceeds the 10.0% configured threshold.
INS-0012,trend,high_risk_cases,Ahmedabad,2026-11,10.0,25.0,10.0,8.0,25.0,High,high_risk_cases in Ahmedabad increased by 25.0% in 2026-11 compared with the previous available month. This exceeds the 10.0% configured threshold.
INS-0013,trend,high_risk_cases,Ahmedabad,2026-12,9.0,-10.0,9.0,10.0,-10.0,Medium,high_risk_cases in Ahmedabad decreased by 10.0% in 2026-12 compared with the previous available month. This exceeds the 10.0% configured threshold.
INS-0014,trend,high_risk_cases,Anand,2026-05,13.0,18.181818181818183,13.0,11.0,18.181818181818183,High,high_risk_cases in Anand increased by 18.2% in 2026-05 compared with the previous available month. This exceeds the 10.0% configured threshold.
INS-0015,trend,high_risk_cases,Anand,2026-06,11.0,-15.384615384615385,11.0,13.0,-15.384615384615385,High,high_risk_cases in Anand decreased by 15.4% in 2026-06 compared with the previous available month. This exceeds the 10.0% configured threshold.
INS-0016,trend,high_risk_cases,Anand,2026-08,9.0,-10.0,9.0,10.0,-10.0,Medium,high_risk_cases in Anand decreased by 10.0% in 2026-08 compared with the previous available month. This exceeds the 10.0% configured threshold.
INS-0017,trend,high_risk_cases,Anand,2026-09,11.0,22.22222222222222,11.0,9.0,22.22222222222222,High,high_risk_cases in Anand increased by 22.2% in 2026-09 compared with the previous available month. This exceeds the 10.0% configured threshold.
INS-0018,trend,high_risk_cases,Anand,2026-12,8.0,-20.0,8.0,10.0,-20.0,High,high_risk_cases in Anand decreased by 20.0% in 2026-12 compared with the previous available month. This exceeds the 10.0% configured threshold.
INS-0019,trend,high_risk_cases,Bharuch,2026-04,12.0,-14.285714285714285,12.0,14.0,-14.285714285714285,Medium,high_risk_cases in Bharuch decreased by 14.3% in 2026-04 compared with the previous available month. This exceeds the 10.0% configured threshold.
INS-0020,trend,high_risk_cases,Bharuch,2026-06,14.0,16.666666666666664,14.0,12.0,16.666666666666664,High,high_risk_cases in Bharuch increased by 16.7% in 2026-06 compared with the previous available month. This exceeds the 10.0% configured threshold.
INS-0021,trend,high_risk_cases,Bharuch,2026-07,9.0,-35.714285714285715,9.0,14.0,-35.714285714285715,High,high_risk_cases in Bharuch decreased by 35.7% in 2026-07 compared with the previous available month. This exceeds the 10.0% configured threshold.
INS-0022,trend,high_risk_cases,Bharuch,2026-08,13.0,44.44444444444444,13.0,9.0,44.44444444444444,High,high_risk_cases in Bharuch increased by 44.4% in 2026-08 compared with the previous available month. This exceeds the 10.0% configured threshold.
INS-0023,trend,high_risk_cases,Bharuch,2026-10,10.0,-28.57142857142857,10.0,14.0,-28.57142857142857,High,high_risk_cases in Bharuch decreased by 28.6% in 2026-10 compared with the previous available month. This exceeds the 10.0% configured threshold.
INS-0024,trend,high_risk_cases,Bharuch,2026-11,14.0,40.0,14.0,10.0,40.0,High,high_risk_cases in Bharuch increased by 40.0% in 2026-11 compared with the previous available month. This exceeds the 10.0% configured threshold.
INS-0025,trend,high_risk_cases,Bharuch,2026-12,12.0,-14.285714285714285,12.0,14.0,-14.285714285714285,Medium,high_risk_cases in Bharuch decreased by 14.3% in 2026-12 compared with the previous available month. This exceeds the 10.0% configured threshold.
INS-0026,trend,high_risk_cases,Bhavnagar,2026-02,16.0,-15.789473684210526,16.0,19.0,-15.789473684210526,High,high_risk_cases in Bhavnagar decreased by 15.8% in 2026-02 compared with the previous available month. This exceeds the 10.0% configured threshold.
INS-0027,trend,high_risk_cases,Bhavnagar,2026-04,19.0,18.75,19.0,16.0,18.75,High,high_risk_cases in Bhavnagar increased by 18.8% in 2026-04 compared with the previous available month. This exceeds the 10.0% configured threshold.
INS-0028,trend,high_risk_cases,Bhavnagar,2026-05,16.0,-15.789473684210526,16.0,19.0,-15.789473684210526,High,high_risk_cases in Bhavnagar decreased by 15.8% in 2026-05 compared with the previous available month. This exceeds the 10.0% configured threshold.
INS-0029,trend,high_risk_cases,Bhavnagar,2026-07,17.0,13.333333333333334,17.0,15.0,13.333333333333334,Medium,high_risk_cases in Bhavnagar increased by 13.3% in 2026-07 compared with the previous available month. This exceeds the 10.0% configured threshold.
INS-0030,trend,high_risk_cases,Bhavnagar,2026-08,15.0,-11.76470588235294,15.0,17.0,-11.76470588235294,Medium,high_risk_cases in Bhavnagar decreased by 11.8% in 2026-08 compared with the previous available month. This exceeds the 10.0% configured threshold.
INS-0031,trend,high_risk_cases,Bhavnagar,2026-09,19.0,26.666666666666668,19.0,15.0,26.666666666666668,High,high_risk_cases in Bhavnagar increased by 26.7% in 2026-09 compared with the previous available month. This exceeds the 10.0% configured threshold.
INS-0032,trend,high_risk_cases,Bhavnagar,2026-10,15.0,-21.052631578947366,15.0,19.0,-21.052631578947366,High,high_risk_cases in Bhavnagar decreased by 21.1% in 2026-10 compared with the previous available month. This exceeds the 10.0% configured threshold.
INS-0033,trend,high_risk_cases,Gandhinagar,2026-02,11.0,57.14285714285714,11.0,7.0,57.14285714285714,High,high_risk_cases in Gandhinagar increased by 57.1% in 2026-02 compared with the previous available month. This exceeds the 10.0% configured threshold.
INS-0034,trend,high_risk_cases,Gandhinagar,2026-03,9.0,-18.181818181818183,9.0,11.0,-18.181818181818183,High,high_risk_cases in Gandhinagar decreased by 18.2% in 2026-03 compared with the previous available month. This exceeds the 10.0% configured threshold.
INS-0035,trend,high_risk_cases,Gandhinagar,2026-05,6.0,-33.33333333333333,6.0,9.0,-33.33333333333333,High,high_risk_cases in Gandhinagar decreased by 33.3% in 2026-05 compared with the previous available month. This exceeds the 10.0% configured threshold.
INS-0036,trend,high_risk_cases,Gandhinagar,2026-06,7.0,16.666666666666664,7.0,6.0,16.666666666666664,High,high_risk_cases in Gandhinagar increased by 16.7% in 2026-06 compared with the previous available month. This exceeds the 10.0% configured threshold.
INS-0037,trend,high_risk_cases,Gandhinagar,2026-07,8.0,14.285714285714285,8.0,7.0,14.285714285714285,Medium,high_risk_cases in Gandhinagar increased by 14.3% in 2026-07 compared with the previous available month. This exceeds the 10.0% configured threshold.
INS-0038,trend,high_risk_cases,Gandhinagar,2026-10,7.0,-12.5,7.0,8.0,-12.5,Medium,high_risk_cases in Gandhinagar decreased by 12.5% in 2026-10 compared with the previous available month. This exceeds the 10.0% configured threshold.
INS-0039,trend,high_risk_cases,Gandhinagar,2026-12,6.0,-14.285714285714285,6.0,7.0,-14.285714285714285,Medium,high_risk_cases in Gandhinagar decreased by 14.3% in 2026-12 compared with the previous available month. This exceeds the 10.0% configured threshold.
INS-0040,trend,high_risk_cases,Jamnagar,2026-04,15.0,-11.76470588235294,15.0,17.0,-11.76470588235294,Medium,high_risk_cases in Jamnagar decreased by 11.8% in 2026-04 compared with the previous available month. This exceeds the 10.0% configured threshold.
INS-0041,trend,high_risk_cases,Jamnagar,2026-08,11.0,-21.428571428571427,11.0,14.0,-21.428571428571427,High,high_risk_cases in Jamnagar decreased by 21.4% in 2026-08 compared with the previous available month. This exceeds the 10.0% configured threshold.
INS-0042,trend,high_risk_cases,Jamnagar,2026-09,17.0,54.54545454545454,17.0,11.0,54.54545454545454,High,high_risk_cases in Jamnagar increased by 54.5% in 2026-09 compared with the previous available month. This exceeds the 10.0% configured threshold.
INS-0043,trend,high_risk_cases,Jamnagar,2026-10,13.0,-23.52941176470588,13.0,17.0,-23.52941176470588,High,high_risk_cases in Jamnagar decreased by 23.5% in 2026-10 compared with the previous available month. This exceeds the 10.0% configured threshold.
INS-0044,trend,high_risk_cases,Jamnagar,2026-12,17.0,30.76923076923077,17.0,13.0,30.76923076923077,High,high_risk_cases in Jamnagar increased by 30.8% in 2026-12 compared with the previous available month. This exceeds the 10.0% configured threshold.
INS-0045,trend,high_risk_cases,Junagadh,2026-05,11.0,-26.666666666666668,11.0,15.0,-26.666666666666668,High,high_risk_cases in Junagadh decreased by 26.7% in 2026-05 compared with the previous available month. This exceeds the 10.0% configured threshold.
INS-0046,trend,high_risk_cases,Junagadh,2026-07,13.0,18.181818181818183,13.0,11.0,18.181818181818183,High,high_risk_cases in Junagadh increased by 18.2% in 2026-07 compared with the previous available month. This exceeds the 10.0% configured threshold.
INS-0047,trend,high_risk_cases,Junagadh,2026-10,14.0,16.666666666666664,14.0,12.0,16.666666666666664,High,high_risk_cases in Junagadh increased by 16.7% in 2026-10 compared with the previous available month. This exceeds the 10.0% configured threshold.
INS-0048,trend,high_risk_cases,Junagadh,2026-11,11.0,-21.428571428571427,11.0,14.0,-21.428571428571427,High,high_risk_cases in Junagadh decreased by 21.4% in 2026-11 compared with the previous available month. This exceeds the 10.0% configured threshold.
INS-0049,trend,high_risk_cases,Kheda,2026-07,12.0,-14.285714285714285,12.0,14.0,-14.285714285714285,Medium,high_risk_cases in Kheda decreased by 14.3% in 2026-07 compared with the previous available month. This exceeds the 10.0% configured threshold.
INS-0050,trend,high_risk_cases,Kheda,2026-09,15.0,25.0,15.0,12.0,25.0,High,high_risk_cases in Kheda increased by 25.0% in 2026-09 compared with the previous available month. This exceeds the 10.0% configured threshold.
INS-0051,trend,high_risk_cases,Kheda,2026-11,12.0,-25.0,12.0,16.0,-25.0,High,high_risk_cases in Kheda decreased by 25.0% in 2026-11 compared with the previous available month. This exceeds the 10.0% configured threshold.
INS-0052,trend,high_risk_cases,Kheda,2026-12,10.0,-16.666666666666664,10.0,12.0,-16.666666666666664,High,high_risk_cases in Kheda decreased by 16.7% in 2026-12 compared with the previous available month. This exceeds the 10.0% configured threshold.
INS-0053,trend,high_risk_cases,Mehsana,2026-08,28.0,154.54545454545453,28.0,11.0,154.54545454545453,High,high_risk_cases in Mehsana increased by 154.5% in 2026-08 compared with the previous available month. This exceeds the 10.0% configured threshold.
INS-0054,trend,high_risk_cases,Mehsana,2026-09,8.0,-71.42857142857143,8.0,28.0,-71.42857142857143,High,high_risk_cases in Mehsana decreased by 71.4% in 2026-09 compared with the previous available month. This exceeds the 10.0% configured threshold.
INS-0055,trend,high_risk_cases,Mehsana,2026-10,9.0,12.5,9.0,8.0,12.5,Medium,high_risk_cases in Mehsana increased by 12.5% in 2026-10 compared with the previous available month. This exceeds the 10.0% configured threshold.
INS-0056,trend,high_risk_cases,Mehsana,2026-11,8.0,-11.11111111111111,8.0,9.0,-11.11111111111111,Medium,high_risk_cases in Mehsana decreased by 11.1% in 2026-11 compared with the previous available month. This exceeds the 10.0% configured threshold.
INS-0057,trend,high_risk_cases,Mehsana,2026-12,9.0,12.5,9.0,8.0,12.5,Medium,high_risk_cases in Mehsana increased by 12.5% in 2026-12 compared with the previous available month. This exceeds the 10.0% configured threshold.
INS-0058,trend,high_risk_cases,Rajkot,2026-02,14.0,-22.22222222222222,14.0,18.0,-22.22222222222222,High,high_risk_cases in Rajkot decreased by 22.2% in 2026-02 compared with the previous available month. This exceeds the 10.0% configured threshold.
INS-0059,trend,high_risk_cases,Rajkot,2026-05,19.0,35.714285714285715,19.0,14.0,35.714285714285715,High,high_risk_cases in Rajkot increased by 35.7% in 2026-05 compared with the previous available month. This exceeds the 10.0% configured threshold.
INS-0060,trend,high_risk_cases,Rajkot,2026-06,15.0,-21.052631578947366,15.0,19.0,-21.052631578947366,High,high_risk_cases in Rajkot decreased by 21.1% in 2026-06 compared with the previous available month. This exceeds the 10.0% configured threshold.
INS-0061,trend,high_risk_cases,Rajkot,2026-10,12.0,-14.285714285714285,12.0,14.0,-14.285714285714285,Medium,high_risk_cases in Rajkot decreased by 14.3% in 2026-10 compared with the previous available month. This exceeds the 10.0% configured threshold.
INS-0062,trend,high_risk_cases,Rajkot,2026-11,16.0,33.33333333333333,16.0,12.0,33.33333333333333,High,high_risk_cases in Rajkot increased by 33.3% in 2026-11 compared with the previous available month. This exceeds the 10.0% configured threshold.
INS-0063,trend,high_risk_cases,Rajkot,2026-12,12.0,-25.0,12.0,16.0,-25.0,High,high_risk_cases in Rajkot decreased by 25.0% in 2026-12 compared with the previous available month. This exceeds the 10.0% configured threshold.
INS-0064,trend,high_risk_cases,Surat,2026-04,11.0,-15.384615384615385,11.0,13.0,-15.384615384615385,High,high_risk_cases in Surat decreased by 15.4% in 2026-04 compared with the previous available month. This exceeds the 10.0% configured threshold.
INS-0065,trend,high_risk_cases,Surat,2026-05,13.0,18.181818181818183,13.0,11.0,18.181818181818183,High,high_risk_cases in Surat increased by 18.2% in 2026-05 compared with the previous available month. This exceeds the 10.0% configured threshold.
INS-0066,trend,high_risk_cases,Surat,2026-09,10.0,-16.666666666666664,10.0,12.0,-16.666666666666664,High,high_risk_cases in Surat decreased by 16.7% in 2026-09 compared with the previous available month. This exceeds the 10.0% configured threshold.
INS-0067,trend,high_risk_cases,Surat,2026-10,9.0,-10.0,9.0,10.0,-10.0,Medium,high_risk_cases in Surat decreased by 10.0% in 2026-10 compared with the previous available month. This exceeds the 10.0% configured threshold.
INS-0068,trend,high_risk_cases,Surat,2026-11,11.0,22.22222222222222,11.0,9.0,22.22222222222222,High,high_risk_cases in Surat increased by 22.2% in 2026-11 compared with the previous available month. This exceeds the 10.0% configured threshold.
INS-0069,trend,high_risk_cases,Vadodara,2026-02,8.0,14.285714285714285,8.0,7.0,14.285714285714285,Medium,high_risk_cases in Vadodara increased by 14.3% in 2026-02 compared with the previous available month. This exceeds the 10.0% configured threshold.
INS-0070,trend,high_risk_cases,Vadodara,2026-03,7.0,-12.5,7.0,8.0,-12.5,Medium,high_risk_cases in Vadodara decreased by 12.5% in 2026-03 compared with the previous available month. This exceeds the 10.0% configured threshold.
INS-0071,trend,high_risk_cases,Vadodara,2026-04,5.0,-28.57142857142857,5.0,7.0,-28.57142857142857,High,high_risk_cases in Vadodara decreased by 28.6% in 2026-04 compared with the previous available month. This exceeds the 10.0% configured threshold.
INS-0072,trend,high_risk_cases,Vadodara,2026-05,6.0,20.0,6.0,5.0,20.0,High,high_risk_cases in Vadodara increased by 20.0% in 2026-05 compared with the previous available month. This exceeds the 10.0% configured threshold.
INS-0073,trend,high_risk_cases,Vadodara,2026-06,8.0,33.33333333333333,8.0,6.0,33.33333333333333,High,high_risk_cases in Vadodara increased by 33.3% in 2026-06 compared with the previous available month. This exceeds the 10.0% configured threshold.
INS-0074,trend,high_risk_cases,Vadodara,2026-07,7.0,-12.5,7.0,8.0,-12.5,Medium,high_risk_cases in Vadodara decreased by 12.5% in 2026-07 compared with the previous available month. This exceeds the 10.0% configured threshold.
INS-0075,trend,high_risk_cases,Vadodara,2026-08,6.0,-14.285714285714285,6.0,7.0,-14.285714285714285,Medium,high_risk_cases in Vadodara decreased by 14.3% in 2026-08 compared with the previous available month. This exceeds the 10.0% configured threshold.
INS-0076,trend,high_risk_cases,Vadodara,2026-11,5.0,-16.666666666666664,5.0,6.0,-16.666666666666664,High,high_risk_cases in Vadodara decreased by 16.7% in 2026-11 compared with the previous available month. This exceeds the 10.0% configured threshold.
INS-0077,outlier,anc_coverage,Ahmedabad,2026-08,69.0,,69.0,,,Medium,anc_coverage in Ahmedabad during 2026-08 falls outside the IQR bounds calculated from the dataset and should be reviewed.
INS-0078,outlier,anc_coverage,Mehsana,2026-08,42.0,,42.0,,,Medium,anc_coverage in Mehsana during 2026-08 falls outside the IQR bounds calculated from the dataset and should be reviewed.
INS-0079,outlier,immunization,Vadodara,2026-12,99.0,,99.0,,,Medium,immunization in Vadodara during 2026-12 falls outside the IQR bounds calculated from the dataset and should be reviewed.
INS-0080,outlier,high_risk_cases,Mehsana,2026-08,28.0,,28.0,,,Medium,high_risk_cases in Mehsana during 2026-08 falls outside the IQR bounds calculated from the dataset and should be reviewed.
INS-0081,correlation,anc_coverage:high_risk_cases,All districts,Full dataset,-0.8215931505965911,,-0.8215931505965911,,,Medium,anc_coverage and high_risk_cases have a Pearson correlation of -0.82. This is an exploratory association and does not establish causation.
INS-0082,correlation,institutional_delivery:immunization,All districts,Full dataset,0.9034677719335522,,0.9034677719335522,,,Medium,institutional_delivery and immunization have a Pearson correlation of 0.90. This is an exploratory association and does not establish causation.
INS-0083,correlation,institutional_delivery:high_risk_cases,All districts,Full dataset,-0.8010172857740697,,-0.8010172857740697,,,Medium,institutional_delivery and high_risk_cases have a Pearson correlation of -0.80. This is an exploratory association and does not establish causation.
INS-0084,correlation,immunization:high_risk_cases,All districts,Full dataset,-0.7679675165773142,,-0.7679675165773142,,,Medium,immunization and high_risk_cases have a Pearson correlation of -0.77. This is an exploratory association and does not establish causation.
